usage_date,1,10,11,12,13,14,15,16,17,18,19,2,20,21,3,4,5,6,7,8,9
2008-01-01,19.91594495864016,12.287960745012937,8.342763574901985,11.783474150258858,18.983576657123283,22.480992382081098,15.24902578717672,14.980815871399669,13.167135613319752,16.48546956835363,21.038596324896652,12.547150769571758,13.400953293471634,15.155270767090595,12.54711448157136,18.539692154269837,11.598718946901784,12.40356765571306,12.54711448157136,21.348673140115658,6.862678913269389
2008-01-02,30.083913271493678,67.83078029693392,13.443872820916363,11.262456268262452,22.4417293931992,17.429122447348668,19.58129711211443,14.889189639755196,13.444520765838282,14.656209373630775,18.451503225748482,18.536366806243606,18.509834154198856,18.26527898892114,18.53634610019389,16.510408728174053,9.442536971281976,19.356864421827876,18.53634610019389,20.831474704706263,31.49926486286469
2008-01-03,21.94898049018276,69.1821950434601,15.293940052213761,13.558208083642691,17.62945037304487,18.670344389652126,13.610213118435215,13.015980458341359,11.375223345835375,10.514842415204436,15.173839695928404,10.980150375055231,12.98659365092286,15.664294308192488,10.980099526776936,10.491642688274384,8.639376784488322,11.024475736697555,10.980099526776936,16.655552364229436,108.12598832789983
2008-01-04,16.355632337823863,67.01121824577356,13.729386418269653,10.75540644474103,13.836872778533587,19.341538212052665,13.954251008162682,10.755482829418183,14.342504177371993,12.982339188743097,17.047097818713794,9.10435238254557,10.46234309060235,14.355371672475828,9.104389582932093,8.511302713874235,9.686686030605909,8.908752264041294,9.104389582932093,10.716062842820168,32.89178375184678
2008-01-05,14.56728135198436,68.02660714536725,15.180030108315421,11.255193452568644,8.81352221775612,21.932455291016108,13.277557949960409,11.879513577933196,16.015785871688927,11.875362556895299,16.070121642147143,5.357848568085305,7.709383931910803,14.575722061985886,5.357793425029522,5.643358855379894,8.167171630598844,4.9642286265172215,5.357793425029522,8.131277155392882,14.591127008628085
2008-01-06,11.885870149541834,69.36230358958034,13.64554905543719,13.627862374043604,8.987757062676174,19.50642987659397,9.813035133345945,11.40899846690344,12.360207254544358,12.180049223942653,13.950799507004444,4.146893416384112,6.319928613626012,15.009209554026251,4.14691145337554,6.890746343425411,7.999972123165391,4.1839729989693435,4.14691145337554,6.787921848574118,10.639326724527498
2008-01-07,13.43789123113934,66.55696775562903,10.216225356743431,13.2917826642414,9.01939733146672,19.35096873683871,10.873224584747774,10.194456229881244,12.654207870662676,11.091315264885235,13.003904998532434,5.010544343517517,6.781268438664859,8.626133019258415,5.010491154371463,4.870806604865172,15.032905245332943,5.222948989290776,5.010491154371463,6.649942705113306,14.082532075282469
2008-01-08,10.394768323866801,64.67275601237932,7.207801665205225,7.277715966890764,7.898594936586055,13.374936015829974,8.102286456354998,11.41172294273268,10.376293499777308,11.28971551853606,9.063333731947388,5.8247060595339635,7.501639060301692,7.1660214710078805,5.82472442627164,4.7819692386964565,16.872054609583234,5.978607314384656,5.82472442627164,7.789618716429383,10.375293255702855
2008-01-09,10.320156141593085,63.330481531519446,6.885361916052757,7.432007491414941,7.385476302718957,11.459493093460214,6.72510987722713,12.444953818951408,7.46315421028896,10.590034335436066,8.881451656760467,5.575355251541549,6.392220057034614,6.677900767562737,5.57532937956996,5.370593134479744,18.566405243850493,5.856679474908803,5.57532937956996,9.361628524182406,12.426958224947604
2008-01-10,15.298505415375974,64.46666867768,9.453678349754965,9.150231876574242,9.070624985171458,11.819534239593713,10.720669251017496,14.778157456809108,11.16059577987544,15.446551324895704,13.948442492764586,6.906724906390105,10.79050097401195,12.32025771132344,6.906865206975425,6.511734982605175,9.839241078692824,7.209158050478082,6.906865206975425,10.773575520906753,8.831011944676925
2008-01-11,17.118465015103226,64.49977196941127,7.739849765267838,8.543844817868724,10.143514926928319,12.678149066045657,11.292479469145466,14.746348511432004,10.742321802760902,17.743672554263874,16.445574398484787,7.847814750098217,12.629954465852569,10.983573528663321,7.847747747919902,12.68150771037618,14.287534314664715,8.369053029264736,7.847747747919902,15.957638856215537,6.5014337078341935
2008-01-12,11.80749514472766,63.489738129557324,6.732390188354691,5.596405038605473,6.955398458048487,11.436854074487114,8.192645220766245,8.46581888458706,6.880612676687946,10.13894706371945,11.290042982935972,5.099191216633526,7.806036849099835,8.090099466433234,5.099142037471853,6.309720073607618,12.159854641834581,5.899396106162318,5.099142037471853,9.394168009766357,10.215043209051156
2008-01-13,13.13075608982685,66.39494020898125,6.1741573748607,8.626330721730834,8.10333535784852,15.437673253687075,12.459914514809471,12.076861621530083,13.504620915411488,14.829061052704207,17.04461808688586,4.7895905013139055,8.716855340328262,10.819671115659887,4.789653725166049,5.299293251626468,5.693546256715188,4.900112589600161,4.789653725166049,9.070885820061843,10.404881819945741
2008-01-14,19.085320132396074,65.84187450979589,8.193466368052805,7.061119499057024,11.023659274514843,10.021624467056057,15.53976085157436,7.556524294654222,9.608082551543502,16.43176233400027,18.272869611685575,9.01903962948392,10.741146299747104,12.584454532189632,9.019028532032157,6.289857620650614,9.313512872042141,7.370052954646243,9.019028532032157,14.127848915748013,11.104793870235309
2008-01-15,12.997208865393183,66.35748027360532,7.586163354950107,7.47579782553653,12.253539174998423,15.462478324187023,13.827934095378785,10.050211748885644,13.68929774897476,15.45324899945936,17.079887097531223,8.201729610844597,11.039858594305162,11.356490331516728,8.201758986303515,5.319938748780731,7.112612255799078,6.808911156639601,8.201758986303515,14.560145452376752,23.0297557094554
2008-01-16,12.594926812560619,66.37359902615827,8.585292041576057,8.556437191392261,9.914456587516943,15.663611816994916,12.542019593762967,11.385075946730637,13.500097811144112,14.217619535083765,15.640894424731458,5.9350905453932485,10.208423673484328,9.644688220124745,5.935071572588113,5.180717659757213,9.841302922193142,5.045957908802213,5.935071572588113,10.325777105978451,20.227741103255795
2008-01-17,24.483715657731732,68.19405677671698,14.464599379147455,13.5294219455577,15.315393484065092,18.74381081737488,20.458188891466918,19.45508753671529,18.113411868549605,21.92525347491592,24.334458193115445,8.97582578916194,14.003878629946664,16.044269105585396,8.975735231282314,10.636329296900087,14.243548373901337,9.553972856325359,8.975735231282314,13.533059732020334,8.154053277011863
2008-01-18,12.76441482797625,65.35601779064358,3.9584351744790207,4.545874918244422,4.766969979092865,10.394342271400921,12.441353817104899,8.481793741379423,11.857335126492046,10.324797138481284,14.74042433148252,3.553576825560157,7.142722331247608,8.369908890374107,3.553662843681219,5.610714893823579,4.666305813412739,3.583862073400309,3.553662843681219,7.812566164581301,11.167899252186714
2008-01-19,7.924783574936484,67.8690133018146,4.47795351388401,4.875672790534797,7.091655650990543,12.083671297711597,9.449471994527515,6.514257282463036,10.505684428034675,6.930000012024842,10.232766235169764,3.617498856733535,5.875687970340062,6.880168753521007,3.617521961609297,3.5309520411922737,5.692974841870021,3.66544328986273,3.617521961609297,10.244974501326904,17.877359333753088
2008-01-20,17.623076716058367,67.88138149690917,11.187492811073472,11.165997171579228,16.48429935793441,10.323602541672466,10.494282637221225,10.351582994202415,9.51884495202796,10.98518822338125,11.503574440722296,10.055162601021827,14.635791159303674,12.743277494522795,10.055137756389538,11.539054593710631,9.513384851756278,10.09146384176448,10.055137756389538,19.162435737477058,38.9234790895238
2008-01-21,19.02143297783573,66.59756594663237,10.953626295635678,12.28876038582686,13.772894777166005,17.513042414631958,14.658824971571779,14.287445220104718,16.011842910879356,17.930879256997187,19.39121088391243,7.752488870687664,12.81092853212753,13.6818775569064,7.752455335654422,10.969146094512215,14.173428855689052,7.682163275938632,7.752455335654422,14.523735408508317,38.6460723771345
2008-01-22,18.679111566329603,68.64069012889573,15.226704231265604,13.452841868695003,15.628032217372267,21.200779494219066,20.760530237579587,17.84735769940058,20.422076153475164,17.52956295340911,22.24562129683876,9.763417108650962,13.24461806321734,16.962541234444465,9.76347289029455,11.13653605256831,12.403629795352805,10.130221709085355,9.76347289029455,9.618951709294574,29.499700908149055
2008-01-23,13.395941096285894,65.37387081934939,8.88887958601024,8.683899225413157,7.106274773567124,9.367707337666852,12.871704036129172,10.80168567448138,10.09184940848672,13.955007504187137,15.299201863887346,5.581888699382839,8.213856177053142,10.380416356724165,5.581954583907405,6.1682689206337775,12.162740245689395,5.861195309948486,5.581954583907405,10.353201587897148,13.73037787361699
2008-01-24,18.79947114744113,67.50827813064896,12.965896844385258,12.89389619011953,12.204431975184306,16.136393755120526,15.309140698542786,12.004064398425982,13.589257767715607,14.52858458920635,17.267421917951875,8.696864461577688,13.53173343021571,12.427947518513982,8.696876252298226,8.447066241134966,12.463952461693898,8.749574067630391,8.696876252298226,14.574163968154108,42.25189194707018
2008-01-25,17.61855680183767,67.39087306012289,8.226390851196909,8.390206937920777,11.593695378279536,14.944478355565128,13.565851869940065,11.424544440574703,11.713360420741397,13.201489993502157,13.809896221093618,7.434258357393738,11.546423257920031,11.046514108473982,7.43420272375786,7.5772911572509525,10.922372591040768,7.35229779901595,7.43420272375786,13.38165673976112,28.36180054689088
2008-01-26,5.096515194118517,66.27667422295062,8.457427599992036,8.014253611934388,7.939472357918788,12.65404347099416,7.05790854309493,4.856357844177697,9.202150927389807,6.574790455822022,7.433624262413704,4.260303344181267,6.815484402791778,8.596551035126781,4.2603070228336515,5.036827415403494,7.111074394276806,4.566594094835097,4.2603070228336515,11.445633347093583,24.89844596394743
2008-01-27,6.35740193992169,66.97423217382652,5.584018696320847,4.810730984473794,5.941202816442675,15.967554033542767,11.192096932811154,6.733831149056349,11.299773252395813,5.252089040530571,10.121811714677165,3.320538916194402,7.710905645609105,7.746259437213104,3.3204618393883183,6.230319851765761,6.8987368366633595,2.9870874903057816,3.3204618393883183,9.885614754191177,9.138252622179206
2008-01-28,17.325992497096408,67.06790291262132,8.353042081019,9.925599829004625,11.050648516311847,13.828830882245219,12.354128131082339,8.606441323308815,9.902583183522225,9.656146892578164,14.49620329875278,5.610499802602977,7.978214611210049,6.330589180191025,5.610487773086825,8.208289834632692,18.178215852455025,6.151990403142441,5.610487773086825,9.67172779866835,19.520389791584684
2008-01-29,11.694725271879097,68.9469242156695,13.517447740123387,12.856848526396556,9.3991641330749,12.74514949255399,9.265967642425185,10.938718020779218,11.711583823624057,11.72843776447203,9.705568059611466,10.026539131046565,10.620661981693706,12.082755140276467,10.026509105047108,7.50261198672757,11.088144693494515,10.089907767980485,10.026509105047108,11.158468230343422,10.566140309870985
2008-01-30,11.209575980952287,67.38555625205058,12.35673535048845,12.336635894900901,13.847803591865802,12.559231574264402,7.243020642049595,11.392631441854306,11.492695205387117,11.584315210341284,11.743079237233754,9.543139255281204,15.14771017212999,11.959670362408978,9.5432118063647,10.932656335112963,12.291697786171074,9.328642996560362,9.5432118063647,19.97174379082394,12.852942842116066
2008-01-31,10.91649386419701,66.07330693335912,9.65974408458393,9.971337760331627,8.204283604563944,10.087265902270133,9.77284640734217,10.161405131772828,10.781395207838573,12.407507943504886,12.1484655195618,6.647139746214115,9.37752080953811,7.759680070357261,6.647155781778323,6.107400896736767,10.180516705823976,6.262213081308644,6.647155781778323,11.068202919946177,23.080942743926652
2008-02-01,32.397880023139294,68.86843307206817,18.75874093216096,18.233740329442245,22.923843873607392,14.74619040812436,23.438795505873546,25.42525831927663,20.931124388751986,33.66218918142842,33.628468549560736,21.235313247590152,24.567294124729983,24.936000058329657,21.235276838987744,18.127530972613524,27.582606175508957,21.720011843667766,21.235276838987744,28.020080628748733,10.035884846733135
2008-02-02,11.864230194962959,65.42191800930543,5.77328652379373,4.80169230716788,5.3227998582234015,7.123031820490247,10.47473046574611,9.40717600598389,9.886306220742897,12.752072131101599,13.037166000168199,6.852693584585023,7.8902668695741625,12.403513731905479,6.852837352813207,4.058580518278446,8.505982495527869,6.89160021331036,6.852837352813207,13.643789627986683,12.539107098232774
2008-02-03,6.87786498267889,65.66395080088562,9.259909845008933,9.806605323852041,6.103352686469248,7.395155436659301,6.682774896948658,9.889153111055005,6.946938022404319,10.618918745736398,9.130608421817996,6.997576350715217,7.6343629998272755,12.3243751521996,6.997598968871424,5.652348709644013,9.797583252483728,7.05949079469868,6.997598968871424,9.06099911910415,10.949504971365217
2008-02-04,11.074761370515072,65.86780387006344,11.533640425582744,12.590227215769417,9.292441212182679,12.826345271338457,9.713996315288169,10.283368675975286,8.63479149109187,14.780481176045665,11.776137133348113,7.875694100128218,11.09564925647078,13.02536415149736,7.875755822854306,7.881587242785028,11.678567338713535,8.301754491993957,7.875755822854306,11.056715322471453,8.460993445493383
2008-02-05,13.52909796368465,64.21044430049719,9.057609514235311,10.75242991127899,8.65275135199433,14.197275956228872,8.78868960492771,12.581157473325517,7.678205727693141,13.157061962399153,11.932326390509914,7.302806931641394,7.699106346208448,10.707498499455834,7.302765446978622,5.107901863888387,15.169405123102392,7.998471632322124,7.302765446978622,12.514301447253992,32.29291936412492
2008-02-06,19.0041973711672,61.1386170430983,10.608598468102283,14.359873115467058,7.204670337670358,21.83376926025897,11.695431228706523,26.49972026689343,11.542117637760176,13.755512246626358,19.405240832981967,5.143565863521865,6.406422418521271,6.9154464355186045,5.1434855655813525,9.022954545098491,18.174644217117873,5.557294995051161,5.1434855655813525,9.506377658615314,73.19760424488348
2008-02-07,11.156375313911731,61.23048431299755,6.019239811954281,7.842688724446853,10.341106867707673,13.574655847020619,9.392276716138124,21.711595069508714,7.870053723296276,11.657803429101584,12.08788271555795,7.527544316201258,11.38382076359298,7.9456183380904655,7.527586643369213,10.358105734134652,13.39515890025156,7.375613017934112,7.527586643369213,19.995724311368168,10.917384474006592
2008-02-08,12.474979970328102,62.681990253125406,6.285816914532671,6.828740787691279,8.607612211131018,10.520266621222026,10.319159628175615,11.018676189186133,7.041558771439166,9.211564942734029,11.149060667193021,5.798805286724793,8.043484308053788,5.7108906267881165,5.798711374226428,4.346893944326734,12.48080083637825,6.043531194369869,5.798711374226428,9.25519054322867,8.808768790957524
2008-02-09,10.614883080537169,64.69280514447354,11.093895151839666,11.455377834414577,8.885495271838154,9.80130444270619,7.531262799367748,10.877106390449889,7.947864344951439,10.186885611722301,8.661289035083367,3.4516307789025515,6.451776588322322,8.848631376544109,3.4516876281479627,8.178663963465354,10.805586982187595,3.980903332491253,3.4516876281479627,9.742481757559894,9.780739422064721
2008-02-10,12.706682621500546,68.70764162330133,17.59047607923614,17.674648399802663,9.871866571709678,13.962597675084762,8.34971254953728,13.155522026454047,11.551294883539773,15.218674259746818,12.559363112739359,15.844805395407269,19.4206221989733,18.704348255716074,15.8447851331005,10.52592759040721,13.446065892910608,16.065159128169938,15.8447851331005,25.19789789706249,13.106239019616645
2008-02-11,6.8744602060182,66.44535571304145,14.044190494891046,17.9583405762799,3.408558758363022,8.386735791623368,7.480087413848715,9.409707589545356,6.371776809447287,10.542917128157661,5.72815122243359,10.816711936092705,8.862860094481393,19.57266639694623,10.816670213961558,13.117521105840236,9.59424452796968,10.77506783401665,10.816670213961558,18.250392526063447,22.124914469958906
2008-02-12,24.36460749356002,68.79215582766722,23.064306099429384,25.399354897761228,14.430129383037327,13.648048845148436,16.569177164199296,26.15039943405683,17.959202922314585,28.581238441865644,26.217492754608223,19.17954855608853,19.95118325778141,33.663219210801834,19.179614058328365,13.269154103089978,22.418670670591386,19.490173472179116,19.179614058328365,25.584830725161922,21.815251367471067
2008-02-13,33.27285448957461,66.58605642128816,13.76455218532693,11.944671810702655,21.907388472003596,10.794218835449342,24.84511866578911,31.024223610686107,22.63546680514292,35.80503053332576,34.76537429159784,20.118992079271397,25.309369217263573,47.90795887555159,20.119010861035786,17.521869780799573,28.65212869270367,20.364346513611085,20.119010861035786,29.957475288662888,19.251517078069156
2008-02-14,14.55650546616147,65.93531958125782,6.179895299386237,7.1441388509055335,8.892690014192112,8.696416768374512,7.335496671672269,11.903455129957667,9.019016143000183,10.65698328585539,8.567782935451879,7.496813073400897,8.047439313904546,23.39141379610126,7.496798403639124,8.154505424373589,16.036451103273794,7.230631044822109,7.496798403639124,11.30300835928082,21.232586000201042
2008-02-15,12.726742794864254,66.96625645587555,9.176035276899244,9.581682639744976,6.629913945091248,19.627637137141363,11.318253399473695,11.318205337119814,14.120220659955827,10.779529025784502,15.382664723807816,5.8784357688653515,7.2902478932074315,35.75104986136432,5.878439421162815,6.718101628890218,11.166721270958126,5.634854445630755,5.878439421162815,10.334340176795202,24.133893027040752
2008-02-16,25.134247478692433,63.52607847016735,7.67708341887276,6.196454781298577,15.693893625323996,4.800844401604895,14.383601987432106,10.44142089118383,8.889933558793032,11.008156462270707,11.14295946281879,9.499467979495048,9.117912344318631,19.98312173018303,9.499518653903175,6.446982549857724,16.557279693674687,9.792362669583262,9.499518653903175,9.389458438472309,14.334485445719986
2008-02-17,26.41236484297086,68.50326204790449,11.219713921925605,12.786418903094866,20.027987857072986,14.83243704795634,14.404690189284988,12.154829774458006,9.578083149775555,18.898745961806167,18.184191639326546,10.850613494735395,15.527907333029153,40.92138583687257,10.850615861718078,18.138716368204744,18.697379771128666,11.49779962334589,10.850615861718078,12.250289651471673,8.815746495464968
2008-02-18,14.473645963009407,65.63667345824464,7.279426437450012,6.926450634583754,9.555812944040301,10.826635168996917,7.26167525977636,8.22656973001791,7.639348497534558,12.586685546612545,8.487402732882188,4.460419293979735,11.691790842093832,8.54129968440445,4.460423533325612,12.327842337725713,9.344569290619095,4.32874203665344,4.460423533325612,16.335852947767606,8.526029749085927
2008-02-19,20.193064617781612,64.82796072742386,13.982596318840185,15.104441536241065,12.304792805920743,18.27089065303373,13.816825510348654,15.887954021664651,15.08961133404374,19.519743247176873,18.1639768868146,10.971264409489523,18.518448166728838,15.897914222084955,10.971397176157396,10.959447903072084,11.797600670723385,11.043996393857752,10.971397176157396,20.04268548945983,10.605867666357668
2008-02-20,14.099071401553665,65.59933239641667,14.724081167760799,13.267132889165346,14.98150851192773,6.7718388509306005,6.814690165784885,15.979481896058523,9.859241913781688,22.081131067942277,14.320149287771722,14.625910643039095,18.61619746595671,18.49596573482645,14.625913541436223,11.641831145122412,14.303458472249094,14.543001343011511,14.625913541436223,23.25582481167747,16.947443093145758
2008-02-21,9.929864803005756,65.00548338334252,8.350872473813853,8.75450726623625,10.953696957074499,8.466716654863747,6.250411461207895,10.594009315794002,7.903267037386681,12.726597447078458,7.917956224907607,9.79489286552723,12.116220073638024,14.005372106384172,9.794841236793708,8.641204016603034,10.28017425868806,9.835481299234694,9.794841236793708,17.815222422318573,29.629498845577995
2008-02-22,18.87489224309893,66.83970592654677,14.512344397954067,12.529237118952977,7.98244674728705,18.020595803792546,14.913139853691135,17.16273187643859,18.48914470758922,19.13316427005748,22.427713476495434,9.817949703290218,11.671194916645607,15.013776928770884,9.81789744390534,7.9825212175748685,12.614278523053821,10.014377514804275,9.81789744390534,14.826830272469754,20.846065230539168
2008-02-23,9.762505006228936,66.0997510485053,9.765116217842394,9.561998802254164,3.9002594843539247,10.227516935149197,5.116245740105711,11.048933423605323,11.354468604310402,13.350571000816839,12.732573184894846,7.265805470277872,8.859627343275987,11.002962273078545,7.265772132817953,5.2341178430965405,6.399007301517775,8.057316057799804,7.265772132817953,13.32124481514568,10.820309327117597
2008-02-24,13.959448030505339,64.82193295839004,9.253817071324208,8.031113956540478,6.572579205585508,7.212672351342462,5.711666253375859,9.465581838803088,10.34285339567414,11.541679281233241,13.164882315819595,7.016429670429041,8.080111923328948,8.873660823092399,7.016414245405595,4.029730386547305,7.026658622457154,6.553974451532289,7.016414245405595,10.600865924590039,9.297721562563153
2008-02-25,10.091852454566446,63.57642917871693,7.637322725305386,7.698852275270279,6.85176310741257,7.925540762069367,6.198082071582702,5.806572388173144,7.582001065889971,6.877379760418354,6.061097524327595,4.123620845659961,4.870756175755223,6.795165815953105,4.123549344175881,6.853079036203903,8.643230824029914,4.3995335451499935,4.123549344175881,8.383267379392452,10.698532415000502
2008-02-26,20.679417217620983,68.4181939058993,21.904006514054903,21.048641181407305,15.920443139598065,19.96584387422533,15.273741837587048,22.663366116406074,16.047008203139708,23.389936231404953,20.175932830281322,13.769701763820464,15.578761978310244,19.676219816658804,13.769644244770065,10.763192138863065,18.949099770245326,13.340704980662835,13.769644244770065,21.94082627548495,7.074418295872836
2008-02-27,27.895647035072123,66.0999576136311,12.319522455732901,12.318905157644235,21.5252629111902,12.66507767174937,14.78585351776378,9.484767113598457,12.485581608291769,16.65955162252613,21.494960707984568,12.438659457169306,18.84243152894515,18.50405095417139,12.43864772188724,16.790813444358175,12.3868899220159,12.562391600646514,12.43864772188724,23.542549300860642,12.817849317456783
2008-02-28,16.976171142241036,63.430188629260066,11.819878938215252,11.895893130541847,19.325978745031158,12.282822096582642,9.930432579919493,9.58046920964407,9.913601408135978,12.538149782312862,14.141331289771763,10.258309011663542,14.44844082524795,17.652396123725424,10.258338367622462,16.874277285940114,9.715649923931288,10.29198576826441,10.258338367622462,21.203597082358257,40.76895603689727
2008-02-29,14.940159565394648,67.99275388746135,14.696463804488054,15.405156449238882,14.224359000242687,16.077288511949067,9.605891963543886,10.646894061744042,10.82056638478942,14.906380497046756,14.649339305035403,10.443820958370239,11.67042156316698,16.971966712799354,10.443885795238046,17.30244665342372,8.59039903655848,10.753026648426891,10.443885795238046,17.360728827897493,24.9540469231446
2008-03-01,12.019874742430288,70.85308673878352,15.91773168099014,19.468283614632444,11.241007266115714,19.639610603712402,9.03211878035547,12.79348661509806,13.623985276991549,13.368441491945749,16.269557449311097,12.660924981532029,11.610273726997038,17.868967341352782,12.66100450233247,14.064885337576175,8.572776974727566,12.916476159417122,12.66100450233247,21.223212389456357,9.675387101519037
2008-03-02,13.443466589193276,65.62752582632055,8.484408922406615,9.618981630572426,10.498079557472847,8.875334790416254,9.298689466491528,10.803109644701728,9.876450773087093,11.86221042940584,12.405738335207806,6.409264061022718,9.679933222795253,8.991367603932709,6.409240334460535,11.25573556995671,11.374737875013777,6.566167193064093,6.409240334460535,10.752265339761236,10.922400874534162
2008-03-03,14.867033925295328,64.87743031335368,14.005133178037878,13.519103689410276,10.976046347892476,15.219949429210091,11.954911098652323,13.913412594018773,12.638400725658865,13.0189303761506,13.932305226512476,6.653926636621015,8.160136566401501,11.894589224630273,6.653937507553115,8.128396556260682,13.934809388170855,7.371809994913376,6.653937507553115,8.20080354949773,24.63550362257049
2008-03-04,8.095184322708356,67.34335442682926,8.94214588597835,8.754850392125952,8.541167707467066,8.0927509053957,8.128874084557605,8.471103233219935,8.17647804858859,10.196008040144346,7.292050127251115,3.657609531492382,7.600484819548141,8.410183684108063,3.657575964605206,9.889800460369102,8.907718074145555,4.144204864808402,3.657575964605206,5.659409453892499,9.557187570945763
2008-03-05,17.79552134770568,64.05486752228153,6.948519163068305,7.940820298382333,16.377114636484286,9.324902163720699,9.227808171827864,11.698148687614795,8.361593805055275,12.911971835439214,13.223971400029994,7.054809199861214,11.208089753476399,12.90804498478736,7.054781955222214,25.436436916366723,13.433068897164619,7.3707071294479825,7.054781955222214,19.256361508991624,9.733922751565407
2008-03-06,14.404099715699903,63.77681230008145,5.137379878686345,6.0223694292327785,10.582167643083123,9.777905065461852,6.9621587732480865,8.20908937321466,5.736800065215465,10.163407939495437,10.825302981954312,6.34531291207872,8.461763990522135,21.895951824983666,6.345388619283403,11.920358897860837,12.311045694318839,5.8633941026904335,6.345388619283403,11.4767960112123,13.767363640155187
2008-03-07,26.498499184350973,67.85657242172847,18.6039362514267,21.075648047486776,15.700270309959555,18.011109976596465,19.473461135953226,23.397174499955987,17.67232421551514,27.008502208840785,28.002721536998116,12.86942659124038,19.228842627159235,32.948301849340716,12.869472612480967,24.06818882062215,25.26082517355081,14.517204593151083,12.869472612480967,22.61426007062705,8.581281831836177
2008-03-08,31.37065701608434,67.0697522750703,11.40645891713669,10.579129669121441,26.563954929410276,12.922905119356065,19.16948206597088,15.9894808385624,14.215104979141053,23.533526461340394,23.238903827125736,18.49894080206248,27.068986885980816,39.61117585433207,18.498898596520753,24.059040714511383,23.589032524954543,19.80037229249193,18.498898596520753,32.32174117634742,9.035699671509406
2008-03-09,18.672029735362695,66.23733271736947,7.354168460929269,9.188754660161107,18.542733571696164,9.561151730459413,12.25567712699164,8.983916027443053,11.099377122635504,9.122372683037506,14.79681642298632,12.01183899790942,17.558375940900163,37.583249505001895,12.0118446275562,15.959595557796558,8.669893052011247,8.676822346114054,12.0118446275562,20.879014736017634,11.301029891245928
2008-03-10,14.022356888346895,67.0899052026146,12.91982352633838,13.559429926138897,10.355939653631932,14.02817424256218,11.886014018468527,13.746237933929459,11.342202370374231,14.666769565624788,16.661558138999695,8.12465399985603,10.845840488996348,14.056274787083911,8.124655730439708,9.354433956978902,10.647439997610212,8.179778845190523,8.124655730439708,13.690967322669811,22.04842668599763
2008-03-11,11.723543222344471,65.97391935489689,10.875405486866974,11.67993244412156,9.276320271648409,11.003285150440844,7.913106523537966,13.597067155372185,9.916176829944362,12.350541516929743,11.1457826887933,7.533368668899537,11.124610748489774,11.484811819419356,7.533387010802563,8.104284680767446,11.863527565844997,8.09318836707515,7.533387010802563,13.829153291616231,7.80947932772011
2008-03-12,17.262148119573563,66.4326518863724,13.801717777128255,15.857063275226619,10.841434941827053,12.158134974179182,12.076110823717059,13.644718957661741,11.776786777377037,15.465644918071764,18.467139468608348,7.689577204296508,12.322590047423349,11.070270524254028,7.689629634933167,6.796776740890323,14.993709047732379,7.9558533939299725,7.689629634933167,15.699010379527353,101.80488502555343
2008-03-13,11.504649066197988,66.20808526756117,12.460588149161442,13.62415472178846,6.762021022050484,13.703781164511867,8.518080839464222,12.868565337009025,10.30578060665895,12.83542317994858,12.377023227894206,6.3387993046021895,8.509770289314481,10.726818029503134,6.33880028886316,7.144733445219628,13.057839078531316,6.533921153695586,6.33880028886316,10.987246909977836,17.797766607568782
2008-03-14,10.99739214040024,65.90989620704809,12.033163489791027,15.750340672190019,5.593159466220703,10.64650766267219,6.946023765924981,11.869965289355381,7.406101561583651,10.643364140137468,9.361600123691794,6.4356065980800565,9.03117970017707,8.12058346621408,6.435458929488178,11.03784953381452,15.43664827872041,6.411488500291142,6.435458929488178,12.914223567231259,7.630003669074716
2008-03-15,7.2183398009179545,65.12299875905308,6.296715316728417,9.298047530569352,5.3680288920835215,5.67343888221182,4.725136385544116,9.209184990115293,5.215937899104006,9.250423134880691,6.529964111553775,4.836569448843891,7.920832874803015,4.624586803423505,4.836614169400791,9.351565618468594,12.976858646874822,5.112229273397149,4.836614169400791,8.659279590191735,8.814569009094498
2008-03-16,8.641297885544281,67.17589089968469,11.683312881751714,14.470031834552529,5.763321163375478,13.88352121737659,8.380821282788538,11.979135326373806,11.545419550770966,12.406913067740698,9.369377669758396,5.548418560729856,6.637725654141673,8.418573947998397,5.548360973495267,7.432762818194655,12.936692501944277,5.982819112196751,5.548360973495267,10.047326559615287,9.87041891970108
2008-03-17,10.480007740979032,66.55402690291614,7.186678388444551,8.218344964484007,6.689467268597657,7.596044777224109,7.011209190412616,11.093156940849212,7.463687168081007,9.76406981417587,10.294407225850682,7.055875862598203,7.158782631123844,8.601412042607608,7.055964443447323,7.263075247212138,15.195895434704724,7.04951989284002,7.055964443447323,12.119488240976228,18.347547118747585
2008-03-18,12.374523081218944,67.19017548341657,12.069506970592265,13.74860347071311,7.463418543183345,17.514558892704052,14.353607370216254,11.735400965562254,14.063638698617215,12.458696428950827,15.681179112737587,7.560034988567654,10.520632420283071,12.500048673466846,7.5600322217636,6.320262322502327,11.766789786925088,7.74719784924153,7.5600322217636,10.373200650561968,6.8439985790321085
2008-03-19,13.152514036856285,65.90999527785368,12.494572101664021,15.111769684419663,9.525532612297019,17.44619030583183,8.796212861752982,12.828425654943768,12.135714568946202,11.947059979433131,13.397982157925997,5.982137476383118,11.28364003086485,8.882828093593771,5.982046999705016,7.612780098742916,11.000648178802294,5.795869401952751,5.982046999705016,14.289704137648176,10.274571334275716
2008-03-20,13.328267893557916,65.86262716002682,9.754995727992922,9.15085804374326,12.600598545546518,11.701322994687958,10.511966576758434,11.023092118968789,7.492270748727919,11.070012679248968,10.203370217383203,7.201713602701052,13.844798438015795,10.6512065209563,7.201879682886888,10.300646602305296,11.96041218074155,7.377213202806354,7.201879682886888,18.493400163671524,20.771596286189382
2008-03-21,14.215377442901705,67.17350153144234,13.248194197580712,17.730383732566768,7.941236898512005,13.823488298129183,9.116424987913238,12.600485351212921,12.713970883815662,12.740146341118466,16.125744660737524,7.420290093439362,10.609077463082114,10.094602281881656,7.420311172423275,10.188482682723524,12.665049683799426,7.583691524703766,7.420311172423275,15.56700431399414,9.949477315637392
2008-03-22,13.413282004922046,66.90798620429386,14.000709538874515,18.676548710765864,12.41917712586697,16.839532529626165,9.487967502198416,14.70381257586912,14.324496083087462,15.523687259262195,15.612104303409197,9.107987782348841,11.557986059957205,11.784331788480573,9.108022281141755,4.889860228312977,12.366088177385048,9.197825023030399,9.108022281141755,18.394709634771463,7.7498809304191605
2008-03-23,14.624492911939615,65.33000999726741,12.18958620966307,13.31007795422708,7.175619687624893,13.725623735725955,13.637508133344154,14.023335020188215,9.585227531415672,13.012178864403865,13.88852603116365,9.154171135476181,7.871193972195091,9.512681374050725,9.154094387249897,5.828338276520002,14.06645432607599,8.98238310610472,9.154094387249897,15.381940025769955,8.518079498401631
2008-03-24,16.564606969318437,65.20566531155441,11.572508734154034,12.749224358881268,10.805107232260028,12.616000924334452,12.6429087559784,10.918941941342206,13.07446051082947,13.434232684737118,17.55273841566984,8.986436723894515,12.309315031294439,12.805823083524434,8.986402088737082,8.732195092383952,10.81564955255976,8.837626809810018,8.986402088737082,16.420798680004538,11.615044053711582
2008-03-25,16.68731374516384,65.77805190436867,10.463801480255212,11.528543691148943,12.517956574974631,11.08992609114297,8.294479465762482,11.031362461955677,10.523845944407341,12.956275268392803,14.54110320807613,10.227288592745072,15.65634893535594,14.447443170369334,10.227293269351474,11.208729731851006,11.703560324272324,10.015605467197632,10.227293269351474,17.52103857792471,25.19211515144918
2008-03-26,14.939879978293828,67.24353969166492,10.99063982106295,13.105685993106658,8.858149767179885,19.622948144097773,6.938483128992365,14.267303043949456,12.776699153071396,11.53224712716522,16.017730377361037,8.201433308395178,11.66992633251867,12.093128139143522,8.201444267346256,7.9241844265757075,13.280141599679615,7.814906545401211,8.201444267346256,11.412132406126842,15.929604340047558
2008-03-27,10.284032729669761,64.63121268548348,10.853611875323752,13.443493604106735,7.149304724582789,12.000081748500525,8.536876807705216,10.704372690813429,8.03018853548168,9.625125765428404,10.32655657384353,6.365875869371586,11.6558943682996,9.989443823062043,6.365989259564969,8.078231681230251,9.79295311217316,6.042808580093938,6.365989259564969,16.688768755309138,10.068041563082973
2008-03-28,14.807346697989555,62.61067615270272,14.265496645482934,15.848278243256479,6.951346029764998,12.567274900994436,10.834951453175599,12.090319572350738,8.355594480024713,14.376019848783583,11.93603488312782,11.697886149165255,9.672142628256834,9.744023334747949,11.69784432059086,8.364768373478872,22.246683664949444,11.50305663895668,11.69784432059086,18.388578180851468,9.751711587209225
2008-03-29,16.901795458429042,63.63606638962743,6.1252840767289785,6.407639856275615,6.164421817556334,14.433253266021667,10.437987786823873,9.43520995756035,7.328249269756997,9.80848511369626,10.304384976659271,8.456127155113226,10.026732902369623,6.77898229827181,8.456083389097309,7.570842673477415,10.817540449290723,8.758456199965625,8.456083389097309,16.850997125862055,7.847477229943083
2008-03-30,21.875974076910722,68.33339564257327,9.261223427891892,10.761240880767534,11.998600021611075,21.220381201648543,17.815135036103875,14.81653423789068,17.126341568670533,16.80335177215918,20.855091132362443,11.815703556886055,14.046230830738294,14.179601766315894,11.815621135003381,9.21292542554901,11.686869449556703,12.19585592525869,11.815621135003381,18.35049020759822,15.444274088197552
2008-03-31,27.850538773757737,68.59530092657394,15.013882704876954,16.947240034539142,21.413919779282843,23.062213796747162,24.629697023797423,20.899650068486288,18.180217839903797,27.56260783858533,34.107723041151885,15.538156889177785,16.89610085139525,21.21589800058267,15.538126622912257,11.668236955574935,21.84892999660137,15.307404506494777,15.538126622912257,16.551067174688132,12.427732242013215
2008-04-01,15.89491625448313,65.4403038061198,6.917442998386032,8.183220187614959,8.492514146202087,10.411017973374781,11.59355637826119,9.297215994106915,9.087655420503474,14.250435143476182,16.64074465645399,7.737400294849977,8.736561406297577,9.81426882513893,7.7372651502762695,7.8715044718972464,16.439296365249792,7.6042814161518955,7.7372651502762695,8.673477112159215,26.09028582693016
2008-04-02,11.132878096325863,63.44981112958035,6.327760820655058,6.453009925136459,6.657384090339518,7.206393217848713,4.797947185990521,8.717071847100966,3.0606744192098727,8.153955080985604,4.377222120868947,5.624006662226031,5.772712939697422,6.353879905643761,5.62401589062361,9.499286782531804,13.620284652437887,5.607046348572749,5.62401589062361,11.750787330805364,14.907232596936549
2008-04-03,22.227019422602417,67.71693199473509,17.291974730988166,17.339865952210907,18.293959056681274,24.148933771753676,19.78838761081422,23.250120164073873,18.166733899396252,24.858634621161453,25.515192316513062,13.557428930287141,16.72895497976811,18.419486066602804,13.557435883646418,11.034607003234349,17.518765145500023,13.419190896723695,13.557435883646418,16.81031043725199,35.664185472456126
2008-04-04,21.011681457087374,66.22085220851486,12.85153909029632,13.725511502785611,15.851916592689502,20.626924869647816,17.817432808438248,20.308093695017863,15.522308752575276,23.674882751418423,25.391552577343425,12.320133752598569,15.441736551741819,17.16089228638113,12.320118591079646,12.762930773411144,21.091125595894127,12.974684521844255,12.320118591079646,16.001310839424377,13.65361693077192
2008-04-05,6.791188859497929,65.25948923684652,5.411521600055309,6.3087091897875975,8.452028404765215,10.9837260603284,7.498189825755657,8.255252554279144,4.54575764722636,7.449443024010504,12.702167545100792,6.4733530570355375,6.8645317756333775,5.634737650179733,6.473436411238885,6.665570618400518,10.445292626911845,6.630971853498685,6.473436411238885,7.985082958470797,9.732503847191644
2008-04-06,12.96744052439147,68.03046412786118,12.86415478352404,16.983914546186,9.108427366043639,16.639253640196817,11.132850498470697,15.54428547468976,12.768282622854002,16.737871391742885,19.05239139324148,7.368966709102173,11.733267692848646,12.84644009061861,7.369041064932218,5.625247945749735,10.587337301227391,7.357125655212081,7.369041064932218,9.257710440000437,12.872685417358051
2008-04-07,7.850322956880527,67.99781472607343,13.474113018034483,16.515686837980454,4.887426692901401,16.269209054227968,5.193307168054289,15.30986595292421,11.585077112217771,14.81583228108398,15.302657529119529,7.851366051554182,6.669497435169303,11.854689636525277,7.851345279415191,8.150515444749065,7.753593693415116,8.479209534874842,7.851345279415191,7.043459924679044,20.582507370995604
2008-04-08,10.429404792579028,67.6091799077171,13.423613929784922,15.409847546906677,8.220325507937263,17.468239333785114,7.4033093902130265,13.72194690001687,10.26311943175391,11.798790054414605,14.260879812302118,7.191870546187664,5.682584461541971,12.01173387890075,7.191989928977607,9.365418225228229,8.982164461901423,7.810446819313506,7.191989928977607,9.960760863731714,16.957280575194194
2008-04-09,10.531650003888036,67.60147751228206,12.295640155689698,14.065608835334112,9.931124811750928,11.061938531350265,10.439940559784494,7.834662912981899,6.049693235413999,7.372391932721658,6.480339272761975,4.241215626797493,3.2701447698402495,6.382172262286778,4.241177182158554,11.403463595624292,12.133399782812125,4.991748086919445,4.241177182158554,10.278601627975076,40.08884857221922
2008-04-10,8.868141862362542,65.92604193635067,6.701946513486108,8.468530054572573,16.261332279022543,10.36461869523145,14.63792500513104,9.137212703299872,7.17861034239502,8.61786958787495,10.910848917894656,3.1352252268322305,5.312547538816079,5.137773025663172,3.1351736506083308,8.324438033692184,13.083978473438357,3.315383326390614,3.1351736506083308,6.434990439414594,11.858268928993281
2008-04-11,10.122652785729667,64.24847623601036,8.456131316326921,9.641850710862906,19.364958206155595,14.838747953413051,14.219255681827597,11.559873155289448,7.482540392490645,10.20329041837134,13.691285869416866,3.3133138964798277,5.230509512990432,4.846808634950372,3.3133248702175115,6.779100265214022,14.410045081331296,3.4070645756942954,3.3133248702175115,5.713152960920313,5.9060015156106145
2008-04-12,7.0407011544326314,64.30831689023164,4.866611961417018,6.098457703925744,9.361984329860363,10.710269482054239,8.905880540553627,8.012806142560985,4.52926219039154,6.866145238467657,8.234564924139223,3.2099964784055866,4.255079664376176,2.9176708543628336,3.209935174632987,6.967844861601484,10.364283420585066,3.4887820270947674,3.209935174632987,5.995082055073233,9.157417149812344
2008-04-13,12.1606528593079,65.30094764614194,5.9043739314620165,9.135996023096387,7.2446621626689005,9.663704303035077,7.350338168207685,8.466261630023897,6.434646211331582,11.364139949490157,10.246389543570249,6.592697050352121,10.147012335181097,7.657639147048273,6.592769326987451,8.605156891528539,10.788647210424744,6.25328712978649,6.592769326987451,13.116024942677823,9.10025707113953
2008-04-14,12.672212510930597,64.84351021723002,8.110614547672162,8.499035673788503,7.149328211030589,9.4985371058618,7.781053027753422,15.464590754340632,6.217120905301814,10.382875998598335,11.333312887638824,5.238778550613521,6.522099066919545,5.8098057045260925,5.2388516155060145,6.875910899027214,15.493463427343713,6.143173892908242,5.2388516155060145,11.724717401647261,16.595761149558026
2008-04-15,14.119760350751188,65.78692925012233,11.118920564320838,10.879402650322776,17.94666106955326,14.461472077388812,11.903287570077033,18.91021609766196,9.47242256415864,14.279894929216862,15.063160832249272,7.696929134721994,8.084776994379752,7.7930895039735635,7.696898693082965,11.641819779372584,19.711063022684392,8.481660765133192,7.696898693082965,13.408833922408665,40.002560211916155
2008-04-16,13.633856160641708,65.43990023512931,9.948243221477886,10.823460568555468,14.544912046403041,16.237606200452,12.011663948176347,19.39734290207233,8.841409171105488,13.789858759148158,16.537257952006016,7.256594458121982,7.716559695530776,7.465629943990624,7.256542739804011,9.586518699646188,21.059425908581005,7.780772593490188,7.256542739804011,11.503427151781374,24.401118996691796
2008-04-17,14.702483540285543,65.05995147360491,10.435873567949175,11.172918821518486,11.16835485755535,13.483747223133541,11.67132710618099,16.188880429421395,9.939014608277033,14.041342272632162,14.009563978643014,7.714778549094706,7.48627685329771,8.456375996843066,7.714800411979598,8.56613666043908,21.656644945486406,8.28675956589665,7.714800411979598,8.914572894526724,7.578482604148211
2008-04-18,16.451320817792883,63.754736178224405,12.35064614602065,13.81840614278258,13.384592300514647,13.338636937950902,11.096399404290212,18.870242683638423,8.765733668494814,15.682985189869946,14.45049779777289,10.852244824842195,5.492088836169177,9.413725334052044,10.85225761799144,11.36214534206577,23.864824413327533,10.478600441424865,10.85225761799144,10.468534221986314,13.277255653495262
2008-04-19,11.420942271356237,65.9007445763953,5.896927550534884,6.132774259807925,7.723427840826851,12.033339810855237,7.7144082195457875,11.967899234253943,6.617261510690503,10.532317342564793,9.477705941069729,9.66187355727177,5.145943149598434,5.732595385843032,9.661934174514156,10.100226296266525,17.469763403075735,9.78655085864364,9.661934174514156,6.226943362983917,7.6760593099565035
2008-04-20,8.24622958022896,66.18939960875032,7.16056474509485,9.395858700135205,7.112540995488029,11.402887105495605,10.445113349984638,8.757679090043577,7.36346031050449,9.852671033992086,11.169637884523542,3.370379346594378,5.932082405957022,5.700308650416176,3.3702981049701917,6.8290272099102935,9.217249074552834,3.7091715435465757,3.3702981049701917,5.347199667050971,6.342866742324745
2008-04-21,8.499891147295877,66.52257380758189,11.173211339008924,10.550588969391542,7.176230251747401,13.161895532366922,10.986039238606038,8.465795249318866,9.235519208651336,9.566223535425191,9.710641831184013,5.497741582387379,8.362821294163924,8.33154258309603,5.497791876514835,5.685339656092014,8.464649969518987,5.3451103282195485,5.497791876514835,7.142862892074361,7.27323511387314
2008-04-22,7.828339274052436,65.67712086117862,8.23850505315619,8.459958704094834,6.667781745028522,11.04737754951398,17.062273166448453,7.713496825099798,7.395321481024925,7.691302791046334,7.83471520630156,3.9951267309243685,7.671993262299856,5.951971339929229,3.9951857623701237,6.70706741900281,11.72107522792705,4.148099777509294,3.9951857623701237,9.297934159344429,13.062786327837225
2008-04-23,7.450770328635928,65.63601541954976,8.192388765747095,7.42661749638968,10.182895439882858,15.244690777904632,19.0515717160059,11.020208197739755,7.5827022819878405,10.68969475121353,10.989567861115011,3.171829206295455,7.089142908790488,6.229098477841296,3.1717580099534635,4.9081983243151415,13.223027713624894,3.36719392858193,3.1717580099534635,8.463505357243264,46.196525134344654
2008-04-24,11.330165440733433,64.30768044176658,7.704828563955111,7.752868308228177,11.682403449282027,19.79012965367134,18.3605493907076,14.851929855054447,8.307829424303513,12.344296356055356,14.394064415407765,4.811408007344216,6.084632902120737,6.480503383626687,4.811459424565749,6.166108692863255,16.760855558295578,4.789219540606603,4.811459424565749,7.18898910310901,8.249452459731597
2008-04-25,9.347561935690571,63.82724793628509,7.223454642585185,9.186283026704537,14.977371020989485,18.426464350957154,14.911046185194598,13.79598333773935,7.392512279279551,10.514247062328232,15.531082405132917,4.3635526582954585,5.039464742708011,5.777258011202163,4.363582470427714,6.743957745280292,14.16971354548705,4.227486139490164,4.363582470427714,5.462561521335503,22.104634483036605
2008-04-26,8.909523883485509,66.60228720459618,4.294574209233275,6.57098700815885,8.370475695970754,16.92324879951606,10.4079875254996,12.92042725886584,8.724031204971137,10.93606082680573,12.717170744741413,3.7487588090092534,7.189112138316207,5.384362398818405,3.748860779445138,4.697008494366926,9.701444054763135,3.45444942912754,3.748860779445138,3.291189892192871,13.118065709599557
2008-04-27,9.267462562408388,67.17702167368184,9.881251698411068,14.716036073540975,7.1306689285165366,9.9253687127309,8.212094000119642,8.942569382424615,6.530635936637832,8.083768300163777,10.755250715813084,3.9364577738862585,7.650183945471765,6.674102253743924,3.936382867417023,6.538730614404133,9.54560131472934,3.40763728942699,3.936382867417023,5.525763662612027,9.275314169607707
2008-04-28,8.042305002876608,67.2020023296949,11.702678268981149,15.037459789325567,9.771616995000585,12.702202529173654,10.359846680982862,8.610159609434463,7.266922286222361,11.313068261740414,10.975294174980741,7.35714938373956,7.7121216700244455,8.862363483894702,7.357069471052663,9.307451370929908,9.150140845145273,7.232505975318604,7.357069471052663,8.166461764360092,12.461195914571155
2008-04-29,12.25594288728611,65.6413262932255,8.944751672626163,10.435053304119982,11.855597413406539,10.870803447482592,8.00216295843354,7.743855985023624,5.67233764244203,10.41073493694781,10.002616924009754,6.510524699285984,10.81493038727698,8.625392849187149,6.51043394341629,14.051598301307894,11.502150029263937,6.121015743757966,6.51043394341629,15.1421578252138,8.868879140308609
2008-04-30,15.834762778462231,65.05882752968095,9.185117123949778,11.465800272958486,14.420093067472205,12.733451716568684,11.759562417435966,10.694558126689383,7.6348746388957665,12.713950096531745,14.553027586602333,7.311229268402693,10.660853788103308,9.75497828853524,7.311178228779765,13.328811357558601,12.866122190783827,7.240663828588747,7.311178228779765,14.740105939994857,8.856409161685706
2008-05-01,11.905531705007716,64.72361194652478,13.32981843827516,9.241059222553769,10.287454197170048,14.272314485544966,11.002903342252623,11.766353347563554,7.337308459348389,11.622993133577493,13.115934972318433,5.605615946439524,7.177913894384673,7.226797977484647,5.605434524444702,8.809020200450467,15.861148614565879,5.708249924371826,5.605434524444702,10.868476014784703,19.574929832297936
2008-05-02,11.135070443569887,64.48664333748043,7.804882800275513,10.19670886757698,12.274070217874108,14.716277363286427,11.023945861215097,11.247198362972851,7.2662082802010435,10.607919297456503,11.322924260776587,5.291930164855095,5.939056499633676,5.807542750073948,5.292062408433369,7.788682335713417,16.923541121640078,5.428783728345789,5.292062408433369,9.815990682493442,19.714663557926478
2008-05-03,10.254212531941734,65.21850378048316,6.380298918661875,7.288182917652562,11.704756426078545,12.061885307018292,10.57932891439528,10.209908459154038,6.444201846526061,8.756748287499216,10.451268428992137,4.670043838178193,5.810581593515266,4.782223510263702,4.670068038414441,5.455889222380894,10.522691169492488,4.3999678711783625,4.670068038414441,4.450533527680047,17.123722606663737
2008-05-04,8.79567124982755,67.08780344844355,7.514814270090881,8.196304312756657,8.838313046436205,14.130342536411755,11.282532088256835,11.383315784242287,12.395347775575997,11.10317517478741,14.00094758743762,4.15383143552425,6.366537113638149,6.601655497062723,4.153840422359992,5.15722567338238,11.255445273040605,4.446865917182279,4.153840422359992,5.330147639330938,7.184099054167251
2008-05-05,7.479664038064185,65.2077243900809,10.27585608929971,7.129994377115116,15.145990485653277,12.623566251441758,12.285810866762828,11.686132484831589,8.767672592992861,10.385691011897721,10.75187340039483,5.209799776004771,7.159580250344506,6.18255529631308,5.209745047854607,7.661816664170671,12.541663212583337,5.007196449783373,5.209745047854607,8.869727523037804,7.860330550384205
2008-05-06,9.428140481654596,64.57144613203533,8.27437193089021,8.806605558420026,16.21437551810164,20.27507219143233,14.716752003504993,16.22300025745177,7.386365275623391,11.752015807186732,15.390756855016658,4.955066599491964,7.134682462196884,6.379118699639622,4.955104581833364,7.4612217408443415,16.095870131803665,4.933668834246493,4.955104581833364,9.958474966004648,17.503762014099088
2008-05-07,14.475296004308952,64.0261040617926,7.8821759458283225,7.306599757271247,19.263019093546347,24.711040056619566,27.19577726368304,17.18058698138676,10.394378843828422,16.242492226315285,22.98960076318482,7.096884344211691,10.466953940517898,9.490266701780605,7.097003038577947,9.544082660639223,16.352519945779196,6.860352743487262,7.097003038577947,10.964116966100814,35.504639503008285
2008-05-08,6.114634183252181,65.860596783265,10.646230073425667,10.114264075184686,12.493718914334533,14.130013097652816,12.066710217459848,11.057400972295127,7.548035613926827,9.857317674246554,9.634894545382595,3.3923924070450933,5.352056015171651,5.865450977117176,3.392396819064427,4.301330034219649,8.849751266918151,3.2831333485985965,3.392396819064427,5.948543308630732,9.305720391329748
2008-05-09,9.646849094047887,65.30489687650248,6.047833582832911,6.897583119778439,13.018015159604015,14.10039439882208,10.626480594073401,11.952019424769318,8.94040494532132,11.675428182979338,11.46161906909376,6.870811715591585,7.784308638478849,5.192282626054177,6.8708163895225525,5.186733953938825,13.373211279267814,7.853753281120761,6.8708163895225525,6.779734478037327,12.200912954174154
2008-05-10,10.160879655275929,67.19244580341969,6.6958908272133035,9.980823447446621,10.311913760385274,11.664218766408336,8.09166598623601,8.50297556090526,5.439111209121489,9.966279532920911,9.562963676853123,6.939158690136016,5.271078352279471,4.588430434477567,6.939006914887419,4.934457036984179,16.3156289436593,7.580113919183483,6.939006914887419,6.94896959821911,7.208282117243786
2008-05-11,16.492397105155057,66.70068279096746,9.335280285121966,11.987355720144697,12.310540876050268,17.035145129307118,10.707943404887125,17.285462671810787,10.59007719554477,14.502803580698101,17.17987960380585,6.466375876561852,10.958130378239842,9.926082983665378,6.4662810460783415,6.785917325108393,13.96323375040335,6.0045976915143005,6.4662810460783415,10.261082797900514,9.436777115279838
2008-05-12,7.122725703919833,66.22557438858571,12.849528366734633,12.134859125964919,9.994162653089262,14.33322424932034,11.15706837913602,14.052979923454895,10.719229737733531,13.403230632273216,11.913014851752637,5.156685240118987,8.01566410957421,10.985037806446655,5.156768104680185,8.141101030465547,7.736766878662481,5.052539465982998,5.156768104680185,11.158179910846066,8.456552175578535
2008-05-13,12.028722116972233,65.21967156500851,8.385371108919841,9.902126969882069,14.798679486920854,19.63309627004522,14.151340168640292,14.487376087417644,9.799204631864871,12.905098626279903,16.87558391445703,4.706827333071031,7.765348304813477,8.152790742809808,4.706762907796584,10.263466527582516,13.943623026008922,5.2073527425534625,4.706762907796584,11.739973002607213,11.746864200899331
2008-05-14,16.491888937912687,62.81445048543187,8.49071019533785,11.290176635498456,19.938840527503995,26.334139427747484,14.593904554565501,20.371157580056927,10.932797311212225,15.462333906976491,23.217437749853563,7.546088139742457,6.948220460652344,7.387313245624176,7.546138111705041,8.546659756420235,18.802983668712177,7.599853824599344,7.546138111705041,9.45846059953933,32.67985090979185
2008-05-15,10.24518863076257,62.90174770786942,6.764581818400724,8.013798416698629,16.61604836458386,19.674698444807326,13.042622475272015,15.042990785098992,8.46825794235096,10.575434424018534,14.897873885755672,4.634410187858337,5.1279350483764965,5.152657542830288,4.63440041680683,5.768675762928766,14.994063934888791,4.687774594772639,4.63440041680683,7.106775528275613,7.47047268344606
2008-05-16,9.383447202611721,63.388481631848784,6.699504845448138,7.686907038443347,17.62442441409192,11.562873531022522,8.573508592216497,11.99902680626849,6.411892099777387,8.778354090240123,11.666388669005135,7.035834178476495,6.597586762358157,4.3115018337520254,7.035783684991848,4.790855066057451,16.190962459431457,7.234565085938276,7.035783684991848,9.02492739815209,8.174329703206794
2008-05-17,9.022570439667833,65.37143925291804,5.084965289234507,6.642630457603029,9.335142715159808,11.451420724517567,8.646120821161217,11.249482057565551,5.718950279825495,9.662521233434873,9.731878568867085,4.84533068842338,7.460751202399966,4.559412755150668,4.845193778640969,6.264948042364509,14.096758688982195,5.168075670435157,4.845193778640969,11.055029587812024,6.816513537517197
2008-05-18,11.521906689048635,65.70526881345172,5.7449097743475885,5.857816377573701,10.459621919504986,12.834523323055722,11.527083739514213,12.62991055522017,7.106570866653482,11.108042853398963,13.01037250585745,5.185257085597869,6.632840151027006,5.814586255555219,5.185359951190459,5.5949807070405155,13.522234634113978,5.322371996128169,5.185359951190459,7.05016762093176,11.583941457850933
2008-05-19,10.653172890922587,63.00509057463945,6.457388353604558,5.987791267837573,15.262844474043805,25.42252231287711,11.74959158063245,15.170589656867847,5.966745963647879,10.360226569573927,18.217393774266842,4.665593798631291,6.838838451533426,5.122229858442559,4.665552906493975,7.5469576869280175,14.793179069331922,4.98769169419257,4.665552906493975,8.284319132655273,11.389599096079388
2008-05-20,14.139072962695614,62.64469978547923,7.7638955328608805,9.402964347268169,12.296320306917353,27.86133583552708,16.986471552681767,17.06918622475471,8.11647274414017,13.437593657928653,22.282170167429584,4.643794252619529,6.535475451394608,6.2692289265771235,4.643736550309247,7.974924582525055,14.306820601703862,4.953371215578355,4.643736550309247,11.84615526256407,6.683521326887562
2008-05-21,13.356793949861409,62.68466786715561,6.452607475583348,7.221167068052127,15.988032421861034,32.3307953192242,30.452081716413776,18.440690013799305,8.756765539970559,14.087127553252573,25.320640248778076,4.186592612445116,8.165832166862808,5.479670177962512,4.186563126403345,7.014321311010767,15.589289860287533,4.4798628878912865,4.186563126403345,8.611268752034292,10.480556659400174
2008-05-22,12.48703912555936,62.52161352555068,8.19331509022155,8.158574607877032,16.940328497713768,27.634055242625173,21.009617743706503,18.385986031716758,7.620810110799287,14.47720281313922,22.851624750238216,5.003361954214168,9.014127368588207,5.3359705725922915,5.003428468753451,8.75129555016885,16.400894007014237,5.53515566520091,5.003428468753451,10.1549667850619,12.049229370876798
2008-05-23,11.342508127917355,63.069077514985004,6.938321157435352,7.6221036396655135,19.70464027602798,21.913217555700662,13.058382084526999,13.724467406201832,10.572669488660601,12.327403175306218,19.800753199641797,6.091048281134722,7.9469062415897795,4.851111789527168,6.091043788236446,7.239631673110482,16.768441208311923,6.831432452716212,6.091043788236446,9.895363595829837,9.124725743331556
2008-05-24,7.9516361849293755,65.02485095861667,4.672825387372885,6.618331162192946,4.233857890292848,6.858776020577093,9.688811789104921,9.53183774994802,3.614702750223249,5.946594230293526,7.022021048777602,4.220977706117433,3.4820158904860494,19.628108687023158,4.2209367030437805,5.7736575544259985,13.965542497232283,5.2629409969284655,4.2209367030437805,7.241313074070751,9.342485745711773
2008-05-25,10.201550775089206,64.79237426828878,6.448315466628954,7.939559466927906,6.002953826416508,9.89472810246537,9.518339299932055,12.961894134246176,7.478727661822998,8.621375922711106,10.087578263489453,4.8137635884983965,5.036621582360235,28.589116163513033,4.813843969160319,7.727769718814255,15.771851953153625,5.748940101051388,4.813843969160319,6.4618753744302895,12.778197321380505
2008-05-26,11.467787137997487,57.27924075722407,16.346400871164033,12.34108635019992,7.973135358700488,15.235039650733526,11.950851925914712,13.136311675832314,16.51200214574197,11.044793985070623,13.223254351307961,21.679381201925178,7.3200377458807235,9.775113280188839,21.679413456501322,8.952958638069884,15.970327226062428,20.57848790220864,21.679413456501322,10.61489902742905,14.376389883029784
2008-05-27,11.527224678641335,60.124293038068686,14.42598019637579,15.938724422911502,21.429833919758785,21.74425320961601,18.237746614493062,21.924859138779933,8.72382826428711,14.004639340289552,20.227598611342124,7.826578252487537,11.058933537581819,12.362079741040692,7.826503543642281,6.38541847406421,22.631973593812454,8.36910093477772,7.826503543642281,10.825462833950516,26.0132671800511
2008-05-28,13.031574819360708,61.54895227385858,5.049884249881958,8.680211192523643,16.746708104113395,33.445214304737156,18.07020622584526,18.430615799087686,10.898482635659951,10.93791571915249,26.676361048567532,2.3443498686682847,6.876118920325594,14.300726743142594,2.3443609633575986,6.631675814469277,13.621100835052122,2.8314202679801284,2.3443609633575986,6.156917287483017,8.139347160541732
2008-05-29,14.356824015025014,60.38940859090729,8.477032751003799,10.639626280953415,18.337202994984366,36.000388910930624,19.178759278224113,25.7887396463862,11.647273180483097,14.051271755933442,29.644471974979737,6.770086049800274,7.413769865708683,15.72403565181942,6.770045399112705,7.373001946080331,19.292671934137516,6.403215434516948,6.770045399112705,8.40388893131018,16.025052098446206
2008-05-30,13.020931061483228,60.49877074414178,8.845522857622862,10.250166878830171,18.095156937707447,27.71764387294046,16.81260391152077,21.783407191102185,12.478836260921899,15.839584244821598,21.220190210797238,6.511216844127883,8.337426049509022,20.639439499314083,6.511318131762986,8.097526080571525,16.335982737013797,6.904457859680581,6.511318131762986,12.270947872778908,20.5832057445487
2008-05-31,8.437583367078634,61.37881417237103,8.823188594616708,9.31296348829974,5.131151603464196,10.337548748035807,6.320926212501295,6.065084416095495,9.509321246573569,9.683740712402198,8.25295428987628,7.03078842701204,9.131719705464974,13.988051988581251,7.030791976818423,5.94826565033928,10.131499379053388,7.41430144073512,7.030791976818423,10.43524178847037,17.02900852865031
2008-06-01,6.769590961391655,63.88679685033446,7.947281824515234,7.602969120306277,3.778710648492794,16.175985275016536,5.949388619448023,8.569665876743414,8.166608093462795,5.699399201455644,7.5514362010733365,7.052635693458846,5.581281500342782,5.31216508527234,7.052582203977617,6.046810579007361,11.796332209960516,7.954739857705759,7.052582203977617,9.848709715038547,13.295575759415723
2008-06-02,11.752398382047247,65.12583086324463,11.424203071386813,17.952132284221307,8.87444305245262,9.147083574563759,7.8727099703293835,10.816347604710343,7.801343763411671,9.870004437998075,7.930134260211866,6.711149144895439,7.832328221505297,6.4466170096827256,6.711163528558443,4.204467141704677,7.754223725880968,6.536408675189012,6.711163528558443,6.629547781557135,6.064710192962446
2008-06-03,6.920778108963507,61.8361623244716,6.251511603109838,9.731559182013282,11.913861317344425,15.072539824098902,8.471332174592515,16.786611189178224,8.656045264275148,9.473454010195512,11.987215998630404,4.875696942613366,5.36878379999956,4.258771899405602,4.875719567304158,6.770011853129233,13.437712548220965,5.189254254822827,4.875719567304158,6.782207674578309,12.40053762432438
2008-06-04,8.68930266001299,62.77584161832852,10.394444336533416,11.23940399053075,10.111279140570877,14.188636248323292,8.208821688445436,15.451836913856184,10.719243125243185,9.466950471407541,10.233487695346964,10.620435722984817,6.366986807670425,7.6024108929238,10.620344799454024,30.580131159216528,27.44532051236349,11.714345373140798,10.620344799454024,24.488487227775764,93.4259094208572
2008-06-05,26.820964405104913,65.32613746326057,10.142075017989825,10.414198416549283,15.630398806179086,32.4062139531462,20.185432877733273,16.60950118616194,22.40066013194513,23.550114943064845,26.448793056617063,12.447157391675976,18.218919529742507,13.906365374563611,12.447157464040771,12.029791558362106,20.11535365563324,12.829029857187546,12.447157464040771,18.632431231437575,27.165518096593814
2008-06-06,31.104501841643263,64.12296767030186,9.014481084740268,8.402480412659209,22.75602514515111,27.528088376495834,25.29186881661907,11.215335326309964,20.780334764906918,20.799640147766254,28.231763783105734,17.566921462597374,27.188614875477494,17.641052245166012,17.56694332939196,16.95833869771225,18.373511671141717,17.61157012209091,17.56694332939196,28.32978865464661,33.48358998857439
2008-06-07,16.037996037572306,65.30425415779668,10.645286241962252,10.453808128839098,11.895324706116769,14.684022262362218,13.734544117413872,6.635187490763819,11.812629972038785,10.099061384321177,15.44174414799322,11.705234714368679,18.041750218206552,13.071046062992863,11.705195988761774,10.42485500646222,9.538582651742677,10.771264938757835,11.705195988761774,14.099859267780646,12.927375461524065
2008-06-08,17.05633510286076,69.2119765157517,14.352866838289275,14.557545671445919,11.538046816663085,15.68480065026738,14.098314996679614,11.207570868157626,13.054685182935824,13.720079368768332,15.922743224047576,11.43203624112493,15.495585453153565,14.223067982033442,11.431973900614546,10.808586982540751,12.839111200848649,11.120790595118567,11.431973900614546,15.266177739735573,11.213741289708326
2008-06-09,16.41227135519457,68.15943473383442,16.21200664005911,15.86777963631694,10.018217915161491,14.10691854828275,12.401934587861152,9.043474758924695,11.146471854303272,11.424217531638694,11.983955654360667,11.221383066275893,13.228363652670104,14.276943658386019,11.221323901538902,10.62018640216387,10.735539651153331,11.237692683032678,11.221323901538902,14.06942661290713,22.29879965083858
2008-06-10,11.591144768152501,67.6414985124765,17.593153143580558,16.444426275042503,5.890672149859805,11.328715981396527,9.40160608277533,9.567462623588566,9.50706912170988,8.602796172297317,10.11977486105535,5.5072150952797205,10.128556600035225,11.844371841544337,5.507236098875703,6.89009355854973,5.561980256382193,5.418542075107247,5.507236098875703,6.202368719582534,25.49668007298433
2008-06-11,15.030626957271709,68.3881332509977,16.05905482632935,15.770173108233157,9.440476823868362,16.299439903172136,11.756282544657745,10.008374398951664,12.634965422243935,12.048445112480394,11.266378724316029,8.324892715992801,10.703764456833348,12.406103918305496,8.324841559159514,5.301462274347717,11.672262645301156,8.808273274830105,8.324841559159514,13.44924286225454,30.989399015405645
2008-06-12,10.59672332798995,67.28988636286671,13.146165525795048,12.113176389627183,9.735919940217332,12.229532606115644,10.842432139127348,10.512153437906312,8.855064038553278,10.800350424881637,11.46037818079461,7.009532399201933,10.786740317825108,11.880530838066287,7.009505264771248,6.166238375644668,10.224391975421184,7.159859462010536,7.009505264771248,10.963391454725501,9.432318059173127
2008-06-13,16.76584256228646,67.54133983333047,14.917024745645428,13.627976755735249,13.913769377210192,11.524887609897693,13.249589611847215,14.998799297689104,10.058778816808047,15.42520746042229,15.109662421156756,10.094389444971004,16.645452517935468,14.376484012748547,10.094321613765093,8.08627162148066,12.166978215370325,10.206286367543338,10.094321613765093,12.918907821736772,14.759792205667226
2008-06-14,10.70460138745366,67.73055376702904,14.908122694821099,17.253062256134392,7.862277004429127,9.522078531628969,8.23302622084801,11.159707567857813,9.608353235916683,7.459631227813395,10.726255687363894,8.818895653414629,11.515525160527485,8.529536454280876,8.818945772013766,8.42824105125569,11.768755452209746,8.52086779849936,8.818945772013766,9.487202282368171,16.737923863020026
2008-06-15,14.377765561512842,68.8612711336592,16.59383672363683,19.22416646040361,9.740175732356303,8.948031413583358,9.000874505025614,11.17007990410534,10.168954146448538,11.290495424517752,11.211288298970603,5.3946057411598956,12.643647281567672,9.598770313246838,5.394646779980394,6.055330622663139,9.271092169066868,5.238236193200972,5.394646779980394,12.381318909799731,18.347894401762062
2008-06-16,7.894971999509022,66.44189358887988,5.499523714290139,8.048284884499228,9.900026538511012,13.476775205270682,8.648240598095718,11.010712386799147,7.874636269104396,10.175928046200491,7.6749953481382995,12.667592114199087,8.267904417936267,8.501129351361863,12.667670486320748,7.106407892686631,30.17806738380489,13.102283229410409,12.667670486320748,17.779329562442687,21.72643682833497
2008-06-17,7.918139723369756,65.7683112055669,3.2641990003037558,5.232368764454586,9.961035036051673,7.468907619084077,10.495783425292796,10.696902543656861,3.726434986223203,7.579748544199216,4.7890706297258205,9.286575970202259,4.925206368657008,5.8397839092414525,9.286630693049286,9.931453468959191,26.3182419001945,9.58766734619942,9.286630693049286,12.490212014858194,12.038410071402701
2008-06-18,15.082259401812708,63.4018065720707,8.017529204504182,11.86356973873437,14.076896630185685,11.102697657070763,21.188766846452182,14.594485077782718,9.357948838583415,11.134801264390092,13.042203706218864,9.710041933871068,6.346955886020349,4.197396608727397,9.710090431857338,9.925231360497646,30.587284844825373,10.269340324066937,9.710090431857338,16.59037669858953,14.958384674946673
2008-06-19,9.839357348781705,64.47341629291495,5.895862076888527,7.960138367410645,11.3724533170936,7.896039412857045,15.753324765814366,10.822758910705865,5.2451629692185335,7.995565199127701,9.163934211102449,8.566015927723546,5.458068965340367,4.20459956254423,8.566099731735195,6.127106780958879,28.607143864034306,8.883603850944334,8.566099731735195,11.201818792204982,26.402576481425914
2008-06-20,11.55598765726145,64.10945981665014,5.334911191374645,6.898250055561593,15.893382092578994,5.552914112718435,18.105801797029304,10.990384883596022,4.550936640840467,11.465595897606725,9.220856108609025,9.432729944466907,7.9768958444414295,18.5867767154763,9.43290409137786,10.655035445234995,30.170029651363183,9.97984122625476,9.43290409137786,13.021713639540424,31.027811060203618
2008-06-21,7.304485806978128,65.64965478693397,11.680509678857257,13.47758224760574,9.243967842574834,7.4706276917196766,16.65276201803638,8.316969970232105,2.7443327366032704,7.242570707653105,6.681706779943003,6.049817182721305,4.271571369817987,29.349607324789083,6.04976141388086,8.00341022629117,17.55596568500025,5.961961675466852,6.04976141388086,6.724640919844692,14.746561327367688
2008-06-22,12.724863775810618,66.2293529829873,9.712136058970714,11.763555097381866,5.268426689874331,9.068338011754822,13.751386331217951,6.962912765347213,4.971773621935594,5.014826222275525,6.704837817016066,3.7688729406008163,3.1452646750113313,29.25925794029874,3.7688692387017007,6.625720553134426,12.26100695781358,3.7577680764761525,3.7688692387017007,4.555725154281418,15.725457813554295
2008-06-23,8.812867506970601,65.622775254351,10.071094686127585,7.859712122318377,7.6487144204879565,11.179267892849749,8.878883862485269,10.784647601294706,7.5346438375342935,9.434592677248641,10.832069084761365,5.380440182572944,6.261583848805251,8.01676395658766,5.380502874667311,5.102766463441106,22.303167404282604,5.743408865974461,5.380502874667311,6.182457225246231,12.754330061507794
2008-06-24,8.283840106989624,65.11552725734813,5.7099309288323745,7.099230481580826,9.073332098754017,10.875982421616927,8.903761519106087,9.233014705285349,7.1620290906355075,9.099165133527062,8.655150957914042,5.398985771469956,6.100710170555781,5.309026327596956,5.3989731195775,6.768309106801601,16.15034652922057,5.856714524313408,5.3989731195775,5.303743955128205,33.804192327135596
2008-06-25,7.723555714960129,64.28669853413082,6.771217524501055,7.472253608805675,11.158740292535215,8.009097797483397,6.535442870411623,8.553231173779222,4.809355285300859,7.232970714983167,8.31884250571122,5.8392497220651025,6.171884131504393,6.256294026659108,5.839328032780275,6.957270978665841,15.450278854006338,6.1216831122151225,5.839328032780275,7.241965886622072,24.753892905821846
2008-06-26,7.822256360415814,65.11154445590462,4.2833769475939025,4.512097072716155,7.853785785983631,4.316315297150887,4.215799649402887,7.868977707353449,3.5788290044132482,7.357008958622855,5.588543429902797,5.914579180611991,5.657546525847741,6.144642276551879,5.9145660018248805,6.336352721496915,11.34964954995688,6.220142929989837,5.9145660018248805,7.657954626482126,26.002801901504803
2008-06-27,10.539803813038297,65.8070928186363,10.920641665499868,11.59022898693033,8.077911777875968,7.96253059122415,8.653718167102943,10.822101075914983,5.742355224836872,10.908995945333443,9.082834427314108,6.456502948860206,8.413599046636085,8.111654393937547,6.456518878237004,8.738046467147333,13.170301859826997,6.879683800210359,6.456518878237004,10.31930322174801,17.250120584992345
2008-06-28,13.631604095535682,67.30912182325369,9.968382755414494,9.517398867178581,4.373100777421941,5.393213092453914,5.538128885882487,5.773889715235108,5.0452486533892245,7.980994433116155,5.722928088414342,4.6347961722607955,6.810888244968265,6.308891307301375,4.634838291892672,5.561645445663539,9.580211143938529,4.479304544027276,4.634838291892672,7.153318879253264,15.4033610685867
2008-06-29,31.49817137218535,67.10744030882263,11.059657730211311,12.132567042745771,16.397295314344436,6.335743727608806,11.557621180648267,9.302404283992134,4.840392389860836,9.267455062509539,10.303648187840368,5.95490980468598,6.572231350196277,6.026083115420045,5.9549435476269945,10.659849007131502,23.874125201397586,6.364542504645815,5.9549435476269945,12.964629210973458,14.895631815816529
2008-06-30,29.433645541311453,65.75846880465491,15.957384200004599,18.52963332140528,7.6838845402797675,3.6193515833160825,13.363380436778382,5.5444570404329845,5.484179096681827,4.2777630659198564,10.98865614875323,2.809076870562448,2.9977375614032375,4.607978183970564,2.809174877215463,9.84895344235527,13.720168367207892,2.724756668606808,2.809174877215463,6.79415294358906,10.564262702040029
